{"homes":{"Biyuehu666":{"hi":{"x":-81.9692611694336,"y":74,"z":228.1417999267578,"dimension":"overworld"}}},"warps":{}}